,is_experiment,randomedOrder,0.theta,0.radius,0.filePath,0.valence,0.arousal,0.sliderThetaSub,0.sliderVertexNum,0.sliderLengthCoefficient,0.sliderAmplitude,0.sliderThetaBeat,0.sliderHue,1.theta,1.radius,1.filePath,1.valence,1.arousal,1.sliderThetaSub,1.sliderVertexNum,1.sliderLengthCoefficient,1.sliderAmplitude,1.sliderThetaBeat,1.sliderHue,2.theta,2.radius,2.filePath,2.valence,2.arousal,2.sliderThetaSub,2.sliderVertexNum,2.sliderLengthCoefficient,2.sliderAmplitude,2.sliderThetaBeat,2.sliderHue,3.theta,3.radius,3.filePath,3.valence,3.arousal,3.sliderThetaSub,3.sliderVertexNum,3.sliderLengthCoefficient,3.sliderAmplitude,3.sliderThetaBeat,3.sliderHue,4.theta,4.radius,4.filePath,4.valence,4.arousal,4.sliderThetaSub,4.sliderVertexNum,4.sliderLengthCoefficient,4.sliderAmplitude,4.sliderThetaBeat,4.sliderHue,5.theta,5.radius,5.filePath,5.valence,5.arousal,5.sliderThetaSub,5.sliderVertexNum,5.sliderLengthCoefficient,5.sliderAmplitude,5.sliderThetaBeat,5.sliderHue,6.theta,6.radius,6.filePath,6.valence,6.arousal,6.sliderThetaSub,6.sliderVertexNum,6.sliderLengthCoefficient,6.sliderAmplitude,6.sliderThetaBeat,6.sliderHue,7.theta,7.radius,7.filePath,7.valence,7.arousal,7.sliderThetaSub,7.sliderVertexNum,7.sliderLengthCoefficient,7.sliderAmplitude,7.sliderThetaBeat,7.sliderHue,8.theta,8.radius,8.filePath,8.valence,8.arousal,8.sliderThetaSub,8.sliderVertexNum,8.sliderLengthCoefficient,8.sliderAmplitude,8.sliderThetaBeat,8.sliderHue,9.theta,9.radius,9.filePath,9.valence,9.arousal,9.sliderThetaSub,9.sliderVertexNum,9.sliderLengthCoefficient,9.sliderAmplitude,9.sliderThetaBeat,9.sliderHue,10.theta,10.radius,10.filePath,10.valence,10.arousal,10.sliderThetaSub,10.sliderVertexNum,10.sliderLengthCoefficient,10.sliderAmplitude,10.sliderThetaBeat,10.sliderHue,11.theta,11.radius,11.filePath,11.valence,11.arousal,11.sliderThetaSub,11.sliderVertexNum,11.sliderLengthCoefficient,11.sliderAmplitude,11.sliderThetaBeat,11.sliderHue,12.theta,12.radius,12.filePath,12.valence,12.arousal,12.sliderThetaSub,12.sliderVertexNum,12.sliderLengthCoefficient,12.sliderAmplitude,12.sliderThetaBeat,12.sliderHue,13.theta,13.radius,13.filePath,13.valence,13.arousal,13.sliderThetaSub,13.sliderVertexNum,13.sliderLengthCoefficient,13.sliderAmplitude,13.sliderThetaBeat,13.sliderHue,14.theta,14.radius,14.filePath,14.valence,14.arousal,14.sliderThetaSub,14.sliderVertexNum,14.sliderLengthCoefficient,14.sliderAmplitude,14.sliderThetaBeat,14.sliderHue,15.theta,15.radius,15.filePath,15.valence,15.arousal,15.sliderThetaSub,15.sliderVertexNum,15.sliderLengthCoefficient,15.sliderAmplitude,15.sliderThetaBeat,15.sliderHue,16.theta,16.radius,16.filePath,16.valence,16.arousal,16.sliderThetaSub,16.sliderVertexNum,16.sliderLengthCoefficient,16.sliderAmplitude,16.sliderThetaBeat,16.sliderHue
0,True,"[1, 10, 7, 11, 6, 16, 9, 5, 4, 15, 12, 14, 3, 8, 2, 13, 0]",0,0,/Volumes/TOSHIBA EXT/AffectNet_Database/Manually_Annotated_compressed/Manually_Annotated_Images/701/2d71ce93be382cfb227f00316deec66f7119adc86340eb6b4e949ac4.jpg,0.0238095,-0.015872999999999998,27.0,8,0.0,0.4,5.0,180,0,0.5,/Volumes/TOSHIBA EXT/AffectNet_Database/Manually_Annotated_compressed/Manually_Annotated_Images/438/6108b0bda5b5bcadf764faaa910bbb3ddac5d3b8527c70e2327a43ed.JPG,0.5,0.0,27.0,8,0.8,0.25,4.5,300,0,1,/Volumes/TOSHIBA EXT/AffectNet_Database/Manually_Annotated_compressed/Manually_Annotated_Images/1039/b2559223d6640c7ede839e18f4776ad6771d8843d057852cb2bb3141.jpg,0.9630270000000001,0.0387147,45.0,28,1.1,0.5,5.0,20,45,0.5,/Volumes/TOSHIBA EXT/AffectNet_Database/Manually_Annotated_compressed/Manually_Annotated_Images/954/625ae7694cadf99d13e12f118a3162ada7958e7af4c1dd03e003fcb7.JPG,0.30952399999999997,0.365079,34.2,16,1.6,0.75,6.5,320,45,1,/Volumes/TOSHIBA EXT/AffectNet_Database/Manually_Annotated_compressed/Manually_Annotated_Images/811/fd86893b0f056b30960bdf193ed80a9ba0e8bb97a7f3971b1d2c5e71.jpg,0.667557,0.726895,39.6,23,1.4,0.75,7.0,360,90,0.5,/Volumes/TOSHIBA EXT/AffectNet_Database/Manually_Annotated_compressed/Manually_Annotated_Images/443/5ee73285bee0c326228f8cb2caf104393d7ba19f602427558795cae5.JPG,0.0,0.5,21.6,11,1.1,0.5,7.5,310,90,1,/Volumes/TOSHIBA EXT/AffectNet_Database/Manually_Annotated_compressed/Manually_Annotated_Images/1020/cec451882eb1f9e7dd28edef8411e58b8630288b8986f50c50df7b1f.jpg,-0.0387147,0.972706,28.8,17,0.3,0.6,7.5,310,135,0.5,/Volumes/TOSHIBA EXT/AffectNet_Database/Manually_Annotated_compressed/Manually_Annotated_Images/429/65f56920f2a079c79fbd4e6278ec74906c5b8da59d25e28ef21401f5.jpg,-0.30952399999999997,0.396825,18.0,13,0.7,0.35,7.5,290,135,1,/Volumes/TOSHIBA EXT/AffectNet_Database/Manually_Annotated_compressed/Manually_Annotated_Images/445/fbc90a215bfebd4dfbac97d396ead060116845e200b6c23dc0217969.jpg,-0.674603,0.722222,10.8,19,1.1,0.7,9.0,60,180,0.5,/Volumes/TOSHIBA EXT/AffectNet_Database/Manually_Annotated_compressed/Manually_Annotated_Images/504/c7fafe0122ed158cc778778288da07847f2c9b40d1a1ef6cab807beb.jpg,-0.5420050000000001,0.00483933,19.8,14,1.2,0.3,4.5,0,180,1,/Volumes/TOSHIBA EXT/AffectNet_Database/Manually_Annotated_compressed/Manually_Annotated_Images/1040/341b27b51b05bf90d86d4195e102f6727cc76d8044a21c774540dd3f.jpg,-0.967867,-0.043554,27.0,18,1.0,0.45,4.0,360,225,0.5,/Volumes/TOSHIBA EXT/AffectNet_Database/Manually_Annotated_compressed/Manually_Annotated_Images/404/377683dc7fe4c495955622b2de9c605ad206fc7dfb2a463b769bb262.jpg,-0.349206,-0.37301599999999996,18.0,11,0.6,0.25,4.0,120,225,1,/Volumes/TOSHIBA EXT/AffectNet_Database/Manually_Annotated_compressed/Manually_Annotated_Images/649/c46e02ba2fd684b54d8162af93f8e48af19694ad35e3c50f80b90f56.jpg,-0.677507,-0.721061,10.8,13,0.4,0.25,1.5,0,270,0.5,/Volumes/TOSHIBA EXT/AffectNet_Database/Manually_Annotated_compressed/Manually_Annotated_Images/626/41cf57979699b6544a9acb0deaf3ea036433579bf322147067fd1680.jpg,-0.00864229,-0.466684,36.0,8,0.2,0.15,1.5,100,270,1,/Volumes/TOSHIBA EXT/AffectNet_Database/Manually_Annotated_compressed/Manually_Annotated_Images/359/9788f20bd96b95cd11f10c0212cb499cd2f4c5a784e0fb5235cf8021.jpg,-0.0155958,-0.982533,25.2,8,0.0,0.05,0.5,140,315,0.5,/Volumes/TOSHIBA EXT/AffectNet_Database/Manually_Annotated_compressed/Manually_Annotated_Images/870/3c3c9b61b59e226d75fc7427432d52e099cd79d961accdcbb78c813f.jpg,0.374298,-0.39509299999999997,32.4,14,1.4,0.75,1.5,290,315,1,/Volumes/TOSHIBA EXT/AffectNet_Database/Manually_Annotated_compressed/Manually_Annotated_Images/1066/9fea2fb70a8a87f750c9e46b60765f2ab8834e42e083ea336feea205.jpg,0.68433,-0.692077,36.0,18,0.2,0.15,2.5,290
0,True,"[4, 9, 16, 14, 11, 5, 8, 0, 13, 7, 10, 15, 1, 12, 2, 3, 6]",0,0,/Volumes/TOSHIBA EXT/AffectNet_Database/Manually_Annotated_compressed/Manually_Annotated_Images/1019/192093cafcfa345a12b25149b69cff3b2e51bab38df3fea92047733e.jpeg,-0.015872999999999998,0.00793651,25.2,8,0.6,0.5,3.5,260,0,0.5,/Volumes/TOSHIBA EXT/AffectNet_Database/Manually_Annotated_compressed/Manually_Annotated_Images/318/935e809b68ff410c24babc1946568fb5a1da7473a9531b90ab5ddd54.jpg,0.547619,0.00793651,30.6,11,0.6,0.6,4.5,20,0,1,/Volumes/TOSHIBA EXT/AffectNet_Database/Manually_Annotated_compressed/Manually_Annotated_Images/1064/a9033d4e5d14466e2badcb41d10fa459bedae13e97ede8c15923277c.jpg,0.953349,-0.033875300000000004,32.4,8,0.7,0.55,4.5,20,45,0.5,/Volumes/TOSHIBA EXT/AffectNet_Database/Manually_Annotated_compressed/Manually_Annotated_Images/803/73beb72039bfdbf15c30cc3a47bd203615717e6a100e8470162c20cb.jpg,0.359739,0.370865,34.2,11,0.8,0.65,5.0,50,45,1,/Volumes/TOSHIBA EXT/AffectNet_Database/Manually_Annotated_compressed/Manually_Annotated_Images/970/06cd44eb5f46c98eabd4f9e070a3e30abceca14875dcd977f86dd4b6.jpeg,0.666667,0.722222,28.8,12,0.7,0.7,6.5,30,90,0.5,/Volumes/TOSHIBA EXT/AffectNet_Database/Manually_Annotated_compressed/Manually_Annotated_Images/1009/6b13c6aa3b2d2bd69ce2e5b310bf85413acd6627d45ba808639eb9af.jpg,-0.0333778,0.508085,23.4,10,0.8,0.5,5.5,50,90,1,/Volumes/TOSHIBA EXT/AffectNet_Database/Manually_Annotated_compressed/Manually_Annotated_Images/707/352724397c9e70a18d06466cb6ff513955a544eb99c863854582b700.jpg,-0.033875300000000004,0.972706,27.0,10,0.7,0.7,7.5,0,135,0.5,/Volumes/TOSHIBA EXT/AffectNet_Database/Manually_Annotated_compressed/Manually_Annotated_Images/365/e5463faee0112084ff55be498004fbd754a1703d6756907e19ed59d8.jpg,-0.31745999999999996,0.396825,21.6,13,1.5,0.6,6.5,80,135,1,/Volumes/TOSHIBA EXT/AffectNet_Database/Manually_Annotated_compressed/Manually_Annotated_Images/511/f01f4cce54f9d7189a3ba722cb691b03783305bdacacda3422ef90a9.jpg,-0.714286,0.6825399999999999,18.0,16,1.4,0.55,8.0,0,180,0.5,/Volumes/TOSHIBA EXT/AffectNet_Database/Manually_Annotated_compressed/Manually_Annotated_Images/904/1c9daf04d3f83fb72787f4be6118dc882b04a151fcfab1fbd797f0a8.jpg,-0.46457600000000004,0.029036000000000003,21.6,20,1.2,0.4,4.0,190,180,1,/Volumes/TOSHIBA EXT/AffectNet_Database/Manually_Annotated_compressed/Manually_Annotated_Images/463/e20b79e0563d8421aa22f5daee8a7976428f13618857682d2a027b2c.jpg,-0.9630270000000001,-0.043554,12.6,16,1.5,0.7,4.0,210,225,0.5,/Volumes/TOSHIBA EXT/AffectNet_Database/Manually_Annotated_compressed/Manually_Annotated_Images/921/3325745d924f517250d64dd6f3ecc411c32f7c234af3d25e72655286.jpg,-0.34126999999999996,-0.333333,14.4,13,0.7,0.4,3.5,200,225,1,/Volumes/TOSHIBA EXT/AffectNet_Database/Manually_Annotated_compressed/Manually_Annotated_Images/1027/96262344888741dbeed5d27a41ba57bc063afd8120b5f290513c30e7.jpg,-0.662989,-0.740418,16.2,20,1.3,0.7,2.5,240,270,0.5,/Volumes/TOSHIBA EXT/AffectNet_Database/Manually_Annotated_compressed/Manually_Annotated_Images/468/2db3aa89fafc5cc468fff68d6f1f11abab293e7cec394e263ad45629.jpg,-0.0387147,-0.49845100000000003,25.2,10,1.0,0.35,2.5,180,270,1,/Volumes/TOSHIBA EXT/AffectNet_Database/Manually_Annotated_compressed/Manually_Annotated_Images/490/c2bb54c24a7b7f913d8ee805c9f5083753b7f986ff75ce89c74d1964.jpg,-0.00862664,-0.9748100000000001,28.8,12,0.3,0.4,2.0,300,315,0.5,/Volumes/TOSHIBA EXT/AffectNet_Database/Manually_Annotated_compressed/Manually_Annotated_Images/673/2d7c93df28cce8cd2be8faf2664cec38299154d3c4edd94947f6a18e.jpg,0.353271,-0.396825,32.4,11,0.5,0.5,3.5,60,315,1,/Volumes/TOSHIBA EXT/AffectNet_Database/Manually_Annotated_compressed/Manually_Annotated_Images/822/3e950338993a2df7be6ff69906e74a08d888c351d7b015b6b59ac255.jpg,0.692025,-0.667828,32.4,11,0.7,0.3,3.0,200
0,True,"[0, 4, 14, 6, 5, 7, 16, 15, 12, 8, 11, 13, 3, 9, 10, 2, 1]",0,0,/Volumes/TOSHIBA EXT/AffectNet_Database/Manually_Annotated_compressed/Manually_Annotated_Images/363/32327848c68319875cb068eaf19f2050abbaaecef927d9946c9eb08d.jpg,0.0,0.015872999999999998,28.8,8,0.8,0.4,1.5,180,0,0.5,/Volumes/TOSHIBA EXT/AffectNet_Database/Manually_Annotated_compressed/Manually_Annotated_Images/421/f08ba6e42848ebf22faba651e0de70b7a007ba1efd2c58224df39410.jpg,0.522648,0.033875300000000004,28.8,11,0.8,0.35,3.0,300,0,1,/Volumes/TOSHIBA EXT/AffectNet_Database/Manually_Annotated_compressed/Manually_Annotated_Images/991/0b97a7016b6c5d962dee4fb64d76156a2a4a22c38a64f97ec2d28b47.jpg,0.97619,-0.015872999999999998,27.0,11,0.7,0.35,5.0,20,45,0.5,/Volumes/TOSHIBA EXT/AffectNet_Database/Manually_Annotated_compressed/Manually_Annotated_Images/321/3ccec2dafdf1fb2c6242cea35ce18d237efc48790179d0fd7f0a5157.jpg,0.323499,0.33212600000000003,32.4,13,0.7,0.65,6.5,300,45,1,/Volumes/TOSHIBA EXT/AffectNet_Database/Manually_Annotated_compressed/Manually_Annotated_Images/869/15fca51bf850634fc05a810fec2481ce21109006b3463f08342fd339.jpg,0.697171,0.674519,30.6,12,0.5,0.6,6.5,300,90,0.5,/Volumes/TOSHIBA EXT/AffectNet_Database/Manually_Annotated_compressed/Manually_Annotated_Images/849/7c70abec914be1ed524a1d0ee032b4505739d8d859f7c1a59b875719.jpg,0.00793651,0.468254,23.4,9,0.3,0.7,7.0,0,90,1,/Volumes/TOSHIBA EXT/AffectNet_Database/Manually_Annotated_compressed/Manually_Annotated_Images/910/7f320fd7a23524c53b4786423e6e3dad6d4edaa77862ae1b461523ce.jpg,-0.029036000000000003,0.987224,32.4,19,0.4,0.8,8.0,170,135,0.5,/Volumes/TOSHIBA EXT/AffectNet_Database/Manually_Annotated_compressed/Manually_Annotated_Images/204/568b396a861f8d890f36950a8db63add511db612171194badf3d227f.jpg,-0.310788,0.32659099999999996,21.6,16,1.2,0.6,6.0,110,135,1,/Volumes/TOSHIBA EXT/AffectNet_Database/Manually_Annotated_compressed/Manually_Annotated_Images/236/20e99b4ccf2c0ebda064e6354ba67144d9d9361a25f687914a704288.jpg,-0.663717,0.658449,23.4,21,1.3,0.65,7.0,220,180,0.5,/Volumes/TOSHIBA EXT/AffectNet_Database/Manually_Annotated_compressed/Manually_Annotated_Images/973/81077306464853be2d91af199d26e383490f6e0ce0b4a63e8e5caaca.jpg,-0.5420050000000001,0.04839330000000001,16.2,11,1.0,0.3,3.0,60,180,1,/Volumes/TOSHIBA EXT/AffectNet_Database/Manually_Annotated_compressed/Manually_Annotated_Images/707/704dac3270d313b0be4c11e074499328212b37dce884bea82184850d.jpg,-0.972706,-0.0241967,18.0,22,1.6,0.35,3.5,90,225,0.5,/Volumes/TOSHIBA EXT/AffectNet_Database/Manually_Annotated_compressed/Manually_Annotated_Images/613/d2b1194cc16457cc42817b923df3fbedfb8e4627a9eb5a81852c31f8.jpg,-0.37301599999999996,-0.349206,19.8,19,1.4,0.4,3.5,200,225,1,/Volumes/TOSHIBA EXT/AffectNet_Database/Manually_Annotated_compressed/Manually_Annotated_Images/1027/96262344888741dbeed5d27a41ba57bc063afd8120b5f290513c30e7.jpg,-0.662989,-0.740418,19.8,17,1.3,0.25,3.0,90,270,0.5,/Volumes/TOSHIBA EXT/AffectNet_Database/Manually_Annotated_compressed/Manually_Annotated_Images/455/67359e067a64a9825f45b5ccbb0446ed1ece48cf61848494f0612204.jpg,-0.015872999999999998,-0.547619,30.6,9,0.4,0.35,3.5,320,270,1,/Volumes/TOSHIBA EXT/AffectNet_Database/Manually_Annotated_compressed/Manually_Annotated_Images/398/b434746513ef14e2b4452250e430a45cfca3274404236acd303abb74.jpg,-0.015872999999999998,-0.9920629999999999,30.6,11,0.0,0.15,1.5,250,315,0.5,/Volumes/TOSHIBA EXT/AffectNet_Database/Manually_Annotated_compressed/Manually_Annotated_Images/673/e209dac904619888602463d44d50439fab199963f236989414c5cf81.jpg,0.37957199999999996,-0.31055900000000003,28.8,13,0.3,0.55,5.0,320,315,1,/Volumes/TOSHIBA EXT/AffectNet_Database/Manually_Annotated_compressed/Manually_Annotated_Images/966/4a2cd7d629e6611f42ada03e6db04b79cadb7cced569934b1a49101d.jpg,0.711382,-0.687185,27.0,9,0.5,0.5,5.5,320
0,True,"[10, 1, 15, 8, 11, 14, 12, 4, 9, 13, 16, 7, 5, 3, 6, 2, 0]",0,0,/Volumes/TOSHIBA EXT/AffectNet_Database/Manually_Annotated_compressed/Manually_Annotated_Images/333/5fd13893897e3b2db002ced12c4b5c12f219a449b04c8ba27b9a27b0.jpg,0.038819900000000004,0.0,25.2,17,0.9,0.45,1.0,220,0,0.5,/Volumes/TOSHIBA EXT/AffectNet_Database/Manually_Annotated_compressed/Manually_Annotated_Images/598/28416d7f1a915d9534cd12c1228684e3242278afc41e62810a1aa39e.jpg,0.547619,0.0,37.8,8,0.3,0.2,4.0,310,0,1,/Volumes/TOSHIBA EXT/AffectNet_Database/Manually_Annotated_compressed/Manually_Annotated_Images/86/98fa6aa272e23991af489c771b0eb33b9846ad81ef0c2cca4658ad6c.jpg,0.97619,-0.0238095,45.0,8,0.0,0.6,5.0,330,45,0.5,/Volumes/TOSHIBA EXT/AffectNet_Database/Manually_Annotated_compressed/Manually_Annotated_Images/723/4774f5be213e77455a3b2122d72b5ba3971978a5b44bddeff3953a6a.jpg,0.38714699999999996,0.333914,37.8,8,0.5,0.65,6.5,360,45,1,/Volumes/TOSHIBA EXT/AffectNet_Database/Manually_Annotated_compressed/Manually_Annotated_Images/979/50f1697a44a94348bb6f924e93a09d5fd9152f09a8f76482f166ba82.jpg,0.6719579999999999,0.7248680000000001,34.2,8,1.1,0.6,7.0,0,90,0.5,/Volumes/TOSHIBA EXT/AffectNet_Database/Manually_Annotated_compressed/Manually_Annotated_Images/813/f59744cb27414f4bee096fe8e362604171abe23835dc0433d60b07a9.jpg,0.026338,0.505689,27.0,17,0.9,0.55,6.5,360,90,1,/Volumes/TOSHIBA EXT/AffectNet_Database/Manually_Annotated_compressed/Manually_Annotated_Images/885/c32869235a8bd0e686f326094486a39cb76e716cc2f2009ee6afd3c9.jpg,-0.043554,0.972706,28.8,17,1.0,0.75,8.0,360,135,0.5,/Volumes/TOSHIBA EXT/AffectNet_Database/Manually_Annotated_compressed/Manually_Annotated_Images/659/8d139b3766fb7c74649d9a8e8f262600374044fc8b952bd65782cb56.jpg,-0.393505,0.313808,16.2,16,1.3,0.25,7.0,260,135,1,/Volumes/TOSHIBA EXT/AffectNet_Database/Manually_Annotated_compressed/Manually_Annotated_Images/957/4a6083b29d434cfac3373bc7aa5172d85181e15cb95ca1c652685e8f.jpg,-0.658149,0.667828,37.8,20,1.0,0.6,5.5,250,180,0.5,/Volumes/TOSHIBA EXT/AffectNet_Database/Manually_Annotated_compressed/Manually_Annotated_Images/504/c7fafe0122ed158cc778778288da07847f2c9b40d1a1ef6cab807beb.jpg,-0.5420050000000001,0.00483933,16.2,12,1.0,0.5,5.0,250,180,1,/Volumes/TOSHIBA EXT/AffectNet_Database/Manually_Annotated_compressed/Manually_Annotated_Images/683/012a1ee2e30495cb217fd37598c0437c6f0560bb00434c255bdc6ae5.jpg,-0.967867,-0.04839330000000001,21.6,21,1.4,0.35,4.0,220,225,0.5,/Volumes/TOSHIBA EXT/AffectNet_Database/Manually_Annotated_compressed/Manually_Annotated_Images/1058/e77c180ffbe10fded8db928ffc082a3ef70d5d8db4b0c01596f765e5.jpg,-0.31745999999999996,-0.30952399999999997,36.0,19,1.2,0.25,4.0,260,225,1,/Volumes/TOSHIBA EXT/AffectNet_Database/Manually_Annotated_compressed/Manually_Annotated_Images/462/8c829264736b3a122e91f15115551d5053722c86c2890c584686d017.jpg,-0.667617,-0.663296,18.0,21,1.0,0.1,4.5,270,270,0.5,/Volumes/TOSHIBA EXT/AffectNet_Database/Manually_Annotated_compressed/Manually_Annotated_Images/456/83557e119b9608ca48bc73e815b7720acc6626c417e9e57e7a21f761.jpg,0.029036000000000003,-0.546845,36.0,17,0.8,0.35,3.5,310,270,1,/Volumes/TOSHIBA EXT/AffectNet_Database/Manually_Annotated_compressed/Manually_Annotated_Images/359/bb9ff6a34cc77667131af361cf577fbf67f11890231adf5b45545238.jpg,-0.00793651,-0.960317,41.4,8,0.3,0.05,1.5,300,315,0.5,/Volumes/TOSHIBA EXT/AffectNet_Database/Manually_Annotated_compressed/Manually_Annotated_Images/1025/f36b4bf991e4553d4203dcde3a9c070b0b719e22121970420de18a09.jpg,0.382307,-0.38714699999999996,37.8,12,0.8,0.3,3.0,330,315,1,/Volumes/TOSHIBA EXT/AffectNet_Database/Manually_Annotated_compressed/Manually_Annotated_Images/749/3f544ccf3e118a7b9ffd75d61f33c5745cec88dafb6f25115a2e0c13.jpg,0.701703,-0.662989,37.8,10,0.6,0.7,2.0,340
0,True,"[9, 8, 2, 10, 3, 4, 0, 16, 5, 12, 6, 11, 1, 14, 13, 15, 7]",0,0,/Volumes/TOSHIBA EXT/AffectNet_Database/Manually_Annotated_compressed/Manually_Annotated_Images/1012/ecbea4d9e24d90af7cf02946f3ec01b576dc35f8b95d1cdc5901eee8.jpg,-0.00862664,0.0,27.0,14,0.5,0.4,3.5,130,0,0.5,/Volumes/TOSHIBA EXT/AffectNet_Database/Manually_Annotated_compressed/Manually_Annotated_Images/616/1dbd880f57598df635eb131f7d06746f80eeccd873d750e0bee817ba.jpg,0.547619,-0.00793651,27.0,12,1.8,0.15,3.5,330,0,1,/Volumes/TOSHIBA EXT/AffectNet_Database/Manually_Annotated_compressed/Manually_Annotated_Images/600/819d812673deba9acd48cb90a9f9a9d73a984f24e6d5d52ea8426449.jpg,0.972706,0.0387147,32.4,8,0.4,0.3,4.5,310,45,0.5,/Volumes/TOSHIBA EXT/AffectNet_Database/Manually_Annotated_compressed/Manually_Annotated_Images/608/64e76ddfe58f2c9ee8322e085adbc8955c65ecc22df401fb3c5defea.jpg,0.36295,0.36295,37.8,14,1.5,0.5,6.5,330,45,1,/Volumes/TOSHIBA EXT/AffectNet_Database/Manually_Annotated_compressed/Manually_Annotated_Images/344/5802a0d69a560140c1ce0f4806b4ef9e20ac38cea78d618d90ab19a4.jpg,0.711382,0.682346,43.2,24,1.9,0.8,5.5,360,90,0.5,/Volumes/TOSHIBA EXT/AffectNet_Database/Manually_Annotated_compressed/Manually_Annotated_Images/956/60b096e2cb402a654c5c7d3fd027419d12914bc1e874d10d5e53a312.jpg,0.015872999999999998,0.539683,23.4,22,1.5,0.65,5.0,0,90,1,/Volumes/TOSHIBA EXT/AffectNet_Database/Manually_Annotated_compressed/Manually_Annotated_Images/649/281e91fc47c7c09f20dc429d9e715f7dbb781fae572660e0a2efd4ed.jpg,-0.0241967,0.9823850000000001,37.8,21,1.9,0.95,7.5,0,135,0.5,/Volumes/TOSHIBA EXT/AffectNet_Database/Manually_Annotated_compressed/Manually_Annotated_Images/709/8d99c11d639e2faf2b97a2e2b8d1f1016ab00e0be396db33ccbc8117.jpg,-0.348432,0.30487800000000004,10.8,23,1.7,0.5,5.5,340,135,1,/Volumes/TOSHIBA EXT/AffectNet_Database/Manually_Annotated_compressed/Manually_Annotated_Images/995/09c6bf13a46e42b3f0a85c0996d85067fcc4e19dbff4f8584de04dec.jpg,-0.662989,0.672667,10.8,18,1.3,0.5,8.0,0,180,0.5,/Volumes/TOSHIBA EXT/AffectNet_Database/Manually_Annotated_compressed/Manually_Annotated_Images/981/4f11ec74d1c734345df9375cd3ebdbe43d2f6428f1c42da5af149573.png,-0.546845,0.04839330000000001,16.2,18,1.3,0.25,4.0,260,180,1,/Volumes/TOSHIBA EXT/AffectNet_Database/Manually_Annotated_compressed/Manually_Annotated_Images/886/209218260162283760323ab98cecbf51616756da916f28c151690ffc.jpg,-0.961442,-0.045303500000000003,9.0,25,1.4,0.45,5.5,260,225,0.5,/Volumes/TOSHIBA EXT/AffectNet_Database/Manually_Annotated_compressed/Manually_Annotated_Images/920/a6387174973eaca74dcf1c24605d7001fa3fdc0d4a0c4ce89d7a4646.jpg,-0.396825,-0.37301599999999996,34.2,8,1.4,0.15,2.5,220,225,1,/Volumes/TOSHIBA EXT/AffectNet_Database/Manually_Annotated_compressed/Manually_Annotated_Images/462/8c829264736b3a122e91f15115551d5053722c86c2890c584686d017.jpg,-0.667617,-0.663296,36.0,14,0.4,0.1,2.5,210,270,0.5,/Volumes/TOSHIBA EXT/AffectNet_Database/Manually_Annotated_compressed/Manually_Annotated_Images/689/b50f086a5a5a107f183066d2d2a08e5cc2987f235173afdb7cecf9d6.jpg,0.043554,-0.527487,27.0,8,0.2,0.1,2.5,110,270,1,/Volumes/TOSHIBA EXT/AffectNet_Database/Manually_Annotated_compressed/Manually_Annotated_Images/868/00148e0664e1ef8585a74363ebf831771dd5949ff50772dfc963ff2e.jpg,0.0194452,-0.961455,27.0,8,0.0,0.05,1.0,120,315,0.5,/Volumes/TOSHIBA EXT/AffectNet_Database/Manually_Annotated_compressed/Manually_Annotated_Images/454/9693300939d4376538099eff88da3ca761372ffc86f9d0a3fe462305.jpg,0.358005,-0.327812,32.4,8,0.5,0.2,3.5,350,315,1,/Volumes/TOSHIBA EXT/AffectNet_Database/Manually_Annotated_compressed/Manually_Annotated_Images/417/8fc0f64ba020694423d2e39f03d88d3429c83333bcb2af5d9d4046a8.jpg,0.692025,-0.672667,34.2,8,0.1,0.25,2.0,60
0,True,"[6, 10, 2, 16, 15, 5, 7, 3, 9, 11, 14, 4, 1, 8, 13, 12, 0]",0,0,/Volumes/TOSHIBA EXT/AffectNet_Database/Manually_Annotated_compressed/Manually_Annotated_Images/803/7f067a2f923821835825c104e93a606b1e038f83fc16e62ccdb6d259.jpg,0.00862664,0.00862664,27.0,10,0.3,0.35,2.5,80,0,0.5,/Volumes/TOSHIBA EXT/AffectNet_Database/Manually_Annotated_compressed/Manually_Annotated_Images/142/ab9da95537b9d2c0e5d82e7b054af67e0ce7ddd9fc4d3743ceabc178.jpg,0.539683,0.0,28.8,10,0.5,0.6,3.0,340,0,1,/Volumes/TOSHIBA EXT/AffectNet_Database/Manually_Annotated_compressed/Manually_Annotated_Images/1021/0f427a0def00815d9e225b0c866f41cad8cf7a1b7aa317fcdee4083b.jpg,0.953349,0.0387147,39.6,9,0.7,0.35,4.0,130,45,0.5,/Volumes/TOSHIBA EXT/AffectNet_Database/Manually_Annotated_compressed/Manually_Annotated_Images/514/ffc38a6e063fe9778057346d714897c1f67325f8c2022f988721fc88.jpg,0.367789,0.324235,32.4,12,0.4,0.4,5.0,100,45,1,/Volumes/TOSHIBA EXT/AffectNet_Database/Manually_Annotated_compressed/Manually_Annotated_Images/519/f3b0ddf0772e12f3dc41d9359db35be584c194164a903c8edaffa7e3.jpg,0.667828,0.667828,27.0,10,0.4,0.55,4.0,30,90,0.5,/Volumes/TOSHIBA EXT/AffectNet_Database/Manually_Annotated_compressed/Manually_Annotated_Images/724/7efba76eab09ed3726cd645614221f6b92d3abc5aba26849a10ee576.jpg,0.015872999999999998,0.48412700000000003,23.4,10,0.5,0.5,3.5,320,90,1,/Volumes/TOSHIBA EXT/AffectNet_Database/Manually_Annotated_compressed/Manually_Annotated_Images/707/352724397c9e70a18d06466cb6ff513955a544eb99c863854582b700.jpg,-0.033875300000000004,0.972706,30.6,11,1.5,0.35,3.0,70,135,0.5,/Volumes/TOSHIBA EXT/AffectNet_Database/Manually_Annotated_compressed/Manually_Annotated_Images/488/79de0d765b6de1b8149480e2db58578985eb0ce3ec0a01aac0a20036.jpg,-0.324235,0.401665,19.8,16,1.0,0.35,4.5,210,135,1,/Volumes/TOSHIBA EXT/AffectNet_Database/Manually_Annotated_compressed/Manually_Annotated_Images/1345/d551129fc3bde6cec7857c9d6d817fed8fb5ea65913b16932a8a1668.jpg,-0.658449,0.663717,21.6,16,1.0,0.4,5.5,340,180,0.5,/Volumes/TOSHIBA EXT/AffectNet_Database/Manually_Annotated_compressed/Manually_Annotated_Images/406/7371eb5a407e77ce8c21e4d2cb9d30da3e1e7bf1c08ddfbd83ea5aba.jpg,-0.45489700000000005,0.0,23.4,18,1.0,0.15,3.0,40,180,1,/Volumes/TOSHIBA EXT/AffectNet_Database/Manually_Annotated_compressed/Manually_Annotated_Images/970/68527b648d99bdac2f9b656338632814d176292b54a6e87fe7b7d3fa.jpg,-0.972706,-0.0387147,21.6,19,1.7,0.3,3.5,260,225,0.5,/Volumes/TOSHIBA EXT/AffectNet_Database/Manually_Annotated_compressed/Manually_Annotated_Images/613/63f51d263f05cd540694f54786b6ef6676668710781f6ad1fd8bb3be.jpg,-0.388889,-0.396825,25.2,14,1.4,0.25,2.0,240,225,1,/Volumes/TOSHIBA EXT/AffectNet_Database/Manually_Annotated_compressed/Manually_Annotated_Images/649/c46e02ba2fd684b54d8162af93f8e48af19694ad35e3c50f80b90f56.jpg,-0.677507,-0.721061,18.0,18,1.0,0.3,2.5,210,270,0.5,/Volumes/TOSHIBA EXT/AffectNet_Database/Manually_Annotated_compressed/Manually_Annotated_Images/808/6bbcb0895a2c49b08874ec3bd4f8d41be7380c2a456ee6c94edb5764.jpg,-0.0285922,-0.48086899999999994,27.0,10,0.5,0.3,3.5,180,270,1,/Volumes/TOSHIBA EXT/AffectNet_Database/Manually_Annotated_compressed/Manually_Annotated_Images/731/d5b92429edded0d0bb1f4937d6cd7cc6dbc3540b44f923c7694613bf.JPG,0.00661376,-0.98545,21.6,9,0.4,0.1,1.0,80,315,0.5,/Volumes/TOSHIBA EXT/AffectNet_Database/Manually_Annotated_compressed/Manually_Annotated_Images/1024/d540f864517055260ef181ea108df86ca4c680f8e956f19a83188a05.jpg,0.38819899999999996,-0.33212600000000003,27.0,10,0.7,0.15,3.5,50,315,1,/Volumes/TOSHIBA EXT/AffectNet_Database/Manually_Annotated_compressed/Manually_Annotated_Images/831/a19b97752b4fd7703b8ac2c09c87ccaa801b2fdd71eb61ae299f8aec.jpg,0.738095,-0.666667,32.4,9,0.4,0.5,1.5,330
0,True,"[16, 8, 12, 4, 6, 0, 7, 10, 2, 11, 9, 13, 15, 3, 14, 5, 1]",0,0,/Volumes/TOSHIBA EXT/AffectNet_Database/Manually_Annotated_compressed/Manually_Annotated_Images/980/3404c03b7f7f472ae136adb9512f9f17dbde61c9ba68614f3e1ba160.jpg,0.0172533,-0.01294,21.6,8,0.2,0.35,3.5,70,0,0.5,/Volumes/TOSHIBA EXT/AffectNet_Database/Manually_Annotated_compressed/Manually_Annotated_Images/261/c58ccf8ea3445312d28ef793e23dccec42a0013e68bf4fbec9a58a6e.jpg,0.539683,0.00793651,32.4,12,1.3,0.35,3.5,20,0,1,/Volumes/TOSHIBA EXT/AffectNet_Database/Manually_Annotated_compressed/Manually_Annotated_Images/1013/8f7c9a60f2272f0982d037c7398e9a7c73c8274a1634e52f46b0088a.jpg,0.992064,0.033875300000000004,37.8,15,1.5,0.3,3.5,20,45,0.5,/Volumes/TOSHIBA EXT/AffectNet_Database/Manually_Annotated_compressed/Manually_Annotated_Images/1055/bcf767c40b1e4be93580adb3d7f7514ea68b127467bdf6189c856a51.jpg,0.401665,0.309717,23.4,13,0.8,0.45,4.0,10,45,1,/Volumes/TOSHIBA EXT/AffectNet_Database/Manually_Annotated_compressed/Manually_Annotated_Images/997/e5f84e3b62797f41791aa1699770a5cf9661ba927105cddb32ba9606.jpg,0.712206,0.696611,30.6,15,1.2,0.55,6.0,20,90,0.5,/Volumes/TOSHIBA EXT/AffectNet_Database/Manually_Annotated_compressed/Manually_Annotated_Images/443/4a3f79e0b76cef91ef1f993bd0087bed49df6bd0e62464b8002d2ce7.jpg,-0.029036000000000003,0.483933,21.6,8,0.1,0.45,5.0,160,90,1,/Volumes/TOSHIBA EXT/AffectNet_Database/Manually_Annotated_compressed/Manually_Annotated_Images/432/a907a12533fe48c16226ba9069d5149d6d004dd249221a451122c646.jpg,0.032719200000000004,0.9715090000000001,21.6,8,0.2,0.65,7.5,50,135,0.5,/Volumes/TOSHIBA EXT/AffectNet_Database/Manually_Annotated_compressed/Manually_Annotated_Images/421/f5ace50746ba42b72a05128508cdb662675e8f17c365778e5f94c806.jpg,-0.37301599999999996,0.37301599999999996,19.8,10,1.1,0.35,5.5,200,135,1,/Volumes/TOSHIBA EXT/AffectNet_Database/Manually_Annotated_compressed/Manually_Annotated_Images/999/8dc4a44fae2e30e2cc246acd2b28024d0c8b66503e23e1a827d74581.jpg,-0.65873,0.7460319999999999,16.2,14,1.3,0.55,5.0,240,180,0.5,/Volumes/TOSHIBA EXT/AffectNet_Database/Manually_Annotated_compressed/Manually_Annotated_Images/620/e9056d5d74f997ce229dd0c987e55e2872264b98585b9239b3e53734.jpeg,-0.523809,0.0,16.2,13,1.1,0.35,3.5,210,180,1,/Volumes/TOSHIBA EXT/AffectNet_Database/Manually_Annotated_compressed/Manually_Annotated_Images/805/378acf4af5419ed6e929ae1f8bb53d4959fb9255dd3553018c6677d7.jpg,-0.9581879999999999,-0.033875300000000004,9.0,21,1.8,0.35,3.5,290,225,0.5,/Volumes/TOSHIBA EXT/AffectNet_Database/Manually_Annotated_compressed/Manually_Annotated_Images/952/238cd346da28049d592cbe033d7f4985af634bd1b66252c356a644fe.jpg,-0.31455700000000003,-0.319396,16.2,11,1.0,0.35,2.0,190,225,1,/Volumes/TOSHIBA EXT/AffectNet_Database/Manually_Annotated_compressed/Manually_Annotated_Images/462/8c829264736b3a122e91f15115551d5053722c86c2890c584686d017.jpg,-0.667617,-0.663296,16.2,14,1.1,0.3,3.0,230,270,0.5,/Volumes/TOSHIBA EXT/AffectNet_Database/Manually_Annotated_compressed/Manually_Annotated_Images/861/6d4a33aa70d74461abf9164cfa8f21c8b38e0b1527069d0ae4b96a4b.jpg,0.0388903,-0.544465,25.2,8,0.2,0.35,2.0,90,270,1,/Volumes/TOSHIBA EXT/AffectNet_Database/Manually_Annotated_compressed/Manually_Annotated_Images/806/c871af946e4907447d65f23080cdf66f1f94168e982df5e9d34c50a0.JPG,0.0410509,-0.993864,28.8,8,0.1,0.3,0.5,150,315,0.5,/Volumes/TOSHIBA EXT/AffectNet_Database/Manually_Annotated_compressed/Manually_Annotated_Images/364/b285a36deb40de709abbf42e27f7c3910c498d05c710925a0dd0f941.jpg,0.36295,-0.358111,27.0,12,0.6,0.4,2.0,10,315,1,/Volumes/TOSHIBA EXT/AffectNet_Database/Manually_Annotated_compressed/Manually_Annotated_Images/373/a625a98efbc9b7615a63917409dc5496aa6335e2348907288efbba9c.jpg,0.696864,-0.672667,30.6,13,1.2,0.15,1.5,10
0,True,"[6, 9, 0, 4, 11, 15, 1, 3, 10, 13, 5, 7, 14, 12, 8, 2, 16]",0,0,/Volumes/TOSHIBA EXT/AffectNet_Database/Manually_Annotated_compressed/Manually_Annotated_Images/753/b6afa9e427562de04766c9599042cd63f414460af58260d8271b0745.jpg,0.0038279000000000004,-0.0038279000000000004,23.4,12,1.1,0.35,3.5,140,0,0.5,/Volumes/TOSHIBA EXT/AffectNet_Database/Manually_Annotated_compressed/Manually_Annotated_Images/600/c01c76802bcc9e0b0deed4f19f5b327c4a31eb6b3baeac75fc7478b3.jpg,0.523809,0.00793651,30.6,13,1.5,0.3,4.0,0,0,1,/Volumes/TOSHIBA EXT/AffectNet_Database/Manually_Annotated_compressed/Manually_Annotated_Images/982/4f01ab7370754962aa158e76251795350959f6a7426a6a06d3cec9dc.jpg,0.953349,-0.04839330000000001,30.6,18,1.1,0.35,3.5,150,45,0.5,/Volumes/TOSHIBA EXT/AffectNet_Database/Manually_Annotated_compressed/Manually_Annotated_Images/873/307cc9faac31731a0dec08140348635ef1b416c122606bf124bb209e.jpg,0.350529,0.350529,32.4,15,1.3,0.4,4.5,0,45,1,/Volumes/TOSHIBA EXT/AffectNet_Database/Manually_Annotated_compressed/Manually_Annotated_Images/903/b70ad0f65c418ad14b234e6dea58be740005db250cea6e1f49dd0178.JPG,0.662989,0.711382,32.4,14,1.1,0.45,6.5,0,90,0.5,/Volumes/TOSHIBA EXT/AffectNet_Database/Manually_Annotated_compressed/Manually_Annotated_Images/931/bdc1aa70e15bf729835da9485a7351af8bb92edd9df5a9f28a8640b5.jpg,0.0,0.5079359999999999,28.8,15,0.9,0.5,5.0,360,90,1,/Volumes/TOSHIBA EXT/AffectNet_Database/Manually_Annotated_compressed/Manually_Annotated_Images/709/d12b39a898b6ca82356bd46aa206dbe53408681e5ca8c39ea8ff450a.jpg,0.00793651,0.9920629999999999,32.4,14,1.1,0.4,4.5,0,135,0.5,/Volumes/TOSHIBA EXT/AffectNet_Database/Manually_Annotated_compressed/Manually_Annotated_Images/1059/7c18dd7b6b3ebc1b164bdf42b8cfaec6fa9f2d96e3d4d59a81dce769.jpg,-0.348432,0.333914,18.0,11,1.4,0.6,4.5,300,135,1,/Volumes/TOSHIBA EXT/AffectNet_Database/Manually_Annotated_compressed/Manually_Annotated_Images/885/dada1981cf9317fbc31675efd0b799b16a474aed5b825fb738fc7646.jpg,-0.658449,0.663717,16.2,16,1.4,0.55,4.5,320,180,0.5,/Volumes/TOSHIBA EXT/AffectNet_Database/Manually_Annotated_compressed/Manually_Annotated_Images/501/0b8043cf98eef2795931d018fd8b8c04994da784f69b3945ba1c1713.jpg,-0.490788,0.017618,10.8,15,1.2,0.1,4.0,360,180,1,/Volumes/TOSHIBA EXT/AffectNet_Database/Manually_Annotated_compressed/Manually_Annotated_Images/394/9c101ed8903c01f2d742d483767eccd7b016fb5f539e3e40b8df4543.jpg,-0.953349,-0.029036000000000003,9.0,15,1.2,0.25,4.0,0,225,0.5,/Volumes/TOSHIBA EXT/AffectNet_Database/Manually_Annotated_compressed/Manually_Annotated_Images/613/63f51d263f05cd540694f54786b6ef6676668710781f6ad1fd8bb3be.jpg,-0.388889,-0.396825,16.2,14,1.5,0.3,3.0,250,225,1,/Volumes/TOSHIBA EXT/AffectNet_Database/Manually_Annotated_compressed/Manually_Annotated_Images/462/8c829264736b3a122e91f15115551d5053722c86c2890c584686d017.jpg,-0.667617,-0.663296,12.6,13,1.1,0.25,3.0,250,270,0.5,/Volumes/TOSHIBA EXT/AffectNet_Database/Manually_Annotated_compressed/Manually_Annotated_Images/896/96de6e75cc0eae39df8a2edb9b6a7f54ef01900bd49816a8dfc4e69d.jpeg,0.00807102,-0.46004799999999996,25.2,14,1.0,0.25,2.5,0,270,1,/Volumes/TOSHIBA EXT/AffectNet_Database/Manually_Annotated_compressed/Manually_Annotated_Images/738/3bba5df8f8d93c435a2fbdfaa594970f6dbc5750a45114cc25e7000a.jpg,0.0,-0.972706,23.4,10,0.9,0.25,2.5,20,315,0.5,/Volumes/TOSHIBA EXT/AffectNet_Database/Manually_Annotated_compressed/Manually_Annotated_Images/807/6505f035e9b7d8ee7d5f2d31116fe704636f30ee1095abcd82f16731.jpg,0.383885,-0.349379,28.8,13,1.3,0.25,2.5,0,315,1,/Volumes/TOSHIBA EXT/AffectNet_Database/Manually_Annotated_compressed/Manually_Annotated_Images/972/c86560001d7a686e58467a1d35801081258d738d40d1920d3cfef6ff.jpg,0.658149,-0.735579,34.2,17,0.6,0.25,2.5,0
0,True,"[11, 7, 2, 9, 3, 12, 6, 13, 14, 15, 16, 8, 10, 0, 4, 1, 5]",0,0,../../etc/Manually_Annotated_compressed/Manually_Annotated_Images/424/7b8ade1c94f00f58df3a8c0613e0382bda3bc377039371008d2c69e8.jpg,-0.047619,-0.047619,21.6,11,0.7,0.15,4.5,20,0,0.5,../../etc/Manually_Annotated_compressed/Manually_Annotated_Images/344/4c3998bd81a8297f83140d2799e529a2e38369ad6fdcd71bc1758f99.jpg,0.5079359999999999,0.00793651,21.6,19,1.5,0.45,5.0,190,0,1,../../etc/Manually_Annotated_compressed/Manually_Annotated_Images/1007/135a4bbae5240db3e6ade4f85f0736c79e92df1b40066836fcc36e3d.JPG,0.967867,0.014518000000000001,9.0,15,1.3,0.2,5.5,0,45,0.5,../../etc/Manually_Annotated_compressed/Manually_Annotated_Images/649/180591f495840a8dd9af3613d2427e9e16facf717b6c09018cc2d61c.jpg,0.338753,0.329075,12.6,22,2.0,0.6,6.5,300,45,1,../../etc/Manually_Annotated_compressed/Manually_Annotated_Images/111/75329f271d1d27a9a93e0ee249b7e2baa2a6c735b94f5b999d044edd.jpg,0.692025,0.667828,12.6,24,1.7,0.6,7.5,300,90,0.5,../../etc/Manually_Annotated_compressed/Manually_Annotated_Images/483/58fbe56f7c9ffd1f232f9ee93e5121a3a35bfabd01b5a4b732040527.jpg,-0.04839330000000001,0.49845100000000003,19.8,11,1.6,0.25,8.5,20,90,1,../../etc/Manually_Annotated_compressed/Manually_Annotated_Images/457/5625c5a7593e039403645cf968aa64973d7cdd5c8118ac0f834c23f7.jpg,-0.0241967,0.972706,16.2,25,2.0,0.7,9.0,60,135,0.5,../../etc/Manually_Annotated_compressed/Manually_Annotated_Images/1200/d05ee6f969a1c0e100607dcacc3cbe0e73d86fcd1fa7673d931487e1.jpg,-0.327207,0.348092,32.4,8,0.4,0.35,5.5,260,135,1,../../etc/Manually_Annotated_compressed/Manually_Annotated_Images/1339/d8efddcf4e62c58ecb283718c4b6b36133d8dd1dceec74c15cabd091.png,-0.666667,0.6825399999999999,43.2,12,0.2,0.4,2.5,100,180,0.5,../../etc/Manually_Annotated_compressed/Manually_Annotated_Images/980/5223b35c49241c13f964e3f84964c00a96b8e97447fedf241da86810.jpg,-0.531746,0.0,9.0,17,1.2,0.2,3.0,210,180,1,../../etc/Manually_Annotated_compressed/Manually_Annotated_Images/809/ef3add44becc0f494d5bcd75ba58408984efdd36e2bcc57db2e8ba48.jpg,-0.9581879999999999,-0.029036000000000003,19.8,9,0.9,0.45,3.5,260,225,0.5,../../etc/Manually_Annotated_compressed/Manually_Annotated_Images/865/020607f6000f1af5f7f1f7ff457868ae9c2cb49589c52a2093310a2d.JPG,-0.35739499999999996,-0.35991100000000004,16.2,10,0.4,0.2,3.0,230,225,1,../../etc/Manually_Annotated_compressed/Manually_Annotated_Images/658/09471ee7c0681d87e36158306552c52d4b79692f3f087c9118c2ec70.jpg,-0.695322,-0.705858,21.6,12,0.7,0.55,2.0,240,270,0.5,../../etc/Manually_Annotated_compressed/Manually_Annotated_Images/960/2c321fed86ed13fee9856abb3ca576d9d9974d6ae03444d1730c53c1.jpg,-0.033875300000000004,-0.46457600000000004,23.4,8,0.4,0.25,2.5,220,270,1,../../etc/Manually_Annotated_compressed/Manually_Annotated_Images/518/ef9b116d507102d81c3fc1dcee2872380e3be5bf9a462713df0e2db1.jpg,0.014518000000000001,-0.9775450000000001,10.8,8,0.0,0.15,0.5,200,315,0.5,../../etc/Manually_Annotated_compressed/Manually_Annotated_Images/463/1e04f62f88c711f11c41d69bcf975495ac6142a65a87b6c344a59d8a.png,0.37957199999999996,-0.319186,12.6,16,1.1,0.8,1.5,130,315,1,../../etc/Manually_Annotated_compressed/Manually_Annotated_Images/1050/55c17e2d2d62fcd44751b28f9373716f5466355408d8b537c7b510dd.jpg,0.65873,-0.690476,10.8,18,0.7,0.65,2.0,280
0,True,"[4, 12, 7, 9, 8, 2, 11, 3, 5, 10, 14, 1, 13, 0, 16, 6, 15]",0,0,../../etc/Manually_Annotated_compressed/Manually_Annotated_Images/641/597e9d083ee096bca748f03102c2d100c9c280e2e9c3bfe15434f79d.jpg,0.0,-0.0238095,25.2,9,0.7,0.2,2.5,0,0,0.5,../../etc/Manually_Annotated_compressed/Manually_Annotated_Images/758/163e34eeaf399fa47c5a16d29adbac4aa488b8f8a0242ac94fa2f108.jpg,0.46031700000000003,0.00793651,25.2,9,0.8,0.3,3.0,0,0,1,../../etc/Manually_Annotated_compressed/Manually_Annotated_Images/1016/254a85898d14415855137ba329adc36300a6bfa78bcf8edd44342035.jpg,0.967867,0.0387147,28.8,11,1.2,0.25,2.5,0,45,0.5,../../etc/Manually_Annotated_compressed/Manually_Annotated_Images/1063/cd0a4284138c8245a8f513997384087a213f3f4602922aa2da898874.jpg,0.396825,0.380952,25.2,9,0.7,0.35,4.0,0,45,1,../../etc/Manually_Annotated_compressed/Manually_Annotated_Images/222/4bc47d5c6cf36c4070bd98763f4457c2feadd8f55f4e1b147ab4f176.jpg,0.692025,0.667828,30.6,9,1.1,0.6,4.0,0,90,0.5,../../etc/Manually_Annotated_compressed/Manually_Annotated_Images/420/e3f100d7cee6edf6e044b1e743be0b016ae4410ddda561912d9811e0.png,0.00793651,0.5,27.0,9,0.6,0.35,4.5,0,90,1,../../etc/Manually_Annotated_compressed/Manually_Annotated_Images/835/bfe742d705918af1446b46292a65ddb21f0f942312cd4d1834bcbd3a.jpg,-0.014518000000000001,0.9775450000000001,27.0,9,1.2,0.6,7.0,300,135,0.5,../../etc/Manually_Annotated_compressed/Manually_Annotated_Images/434/0d47d160a17fc929564acef49327c496eadba85d3f1dbe7e183fdb5b.jpg,-0.34239400000000003,0.358196,18.0,12,0.6,0.35,4.0,320,135,1,../../etc/Manually_Annotated_compressed/Manually_Annotated_Images/662/37e78c12c0421bfb1e57ae639a701d3736663d421ab923efda51a070.jpg,-0.6669689999999999,0.714789,18.0,17,1.3,0.55,6.0,310,180,0.5,../../etc/Manually_Annotated_compressed/Manually_Annotated_Images/907/c8510cfcee08ea09d445c21c49c6a7603146c96d983467d0517aa4cd.jpg,-0.49261099999999997,0.0367298,19.8,11,1.2,0.2,2.5,250,180,1,../../etc/Manually_Annotated_compressed/Manually_Annotated_Images/508/ce6d73eaf404b2d802690cd46e81956a6c4196bc4816700215a5b3f3.jpg,-0.9554799999999999,-0.0387357,27.0,11,1.2,0.3,3.0,280,225,0.5,../../etc/Manually_Annotated_compressed/Manually_Annotated_Images/984/112c3deb4a163298faccf9b274069742ad6214448f4e7a9314c52044.jpg,-0.38279,-0.348339,21.6,11,0.8,0.25,2.5,240,225,1,../../etc/Manually_Annotated_compressed/Manually_Annotated_Images/649/c46e02ba2fd684b54d8162af93f8e48af19694ad35e3c50f80b90f56.jpg,-0.677507,-0.721061,21.6,11,1.2,0.15,1.5,230,270,0.5,../../etc/Manually_Annotated_compressed/Manually_Annotated_Images/810/86bf80aab3ef79273f13945d7391387cdb4636c3293c33bfd6ef0ae7.jpg,0.0410509,-0.525019,27.0,9,0.2,0.15,2.5,320,270,1,../../etc/Manually_Annotated_compressed/Manually_Annotated_Images/518/ef9b116d507102d81c3fc1dcee2872380e3be5bf9a462713df0e2db1.jpg,0.014518000000000001,-0.9775450000000001,27.0,11,0.0,0.0,0.0,180,315,0.5,../../etc/Manually_Annotated_compressed/Manually_Annotated_Images/520/1b974aa44f874bdc1ce147b96b02fc076111778342b775e501089a1d.jpg,0.349379,-0.31055900000000003,27.0,9,0.7,0.25,2.5,10,315,1,../../etc/Manually_Annotated_compressed/Manually_Annotated_Images/1057/49aeacf6e110fb7e8e4d8b0be33abf921ff96df6a20bc7bc109480df.jpg,0.690476,-0.65873,27.0,9,1.2,0.1,2.0,0
0,True,"[16, 0, 8, 11, 2, 13, 9, 7, 12, 15, 3, 6, 10, 1, 5, 4, 14]",0,0,../../etc/Manually_Annotated_compressed/Manually_Annotated_Images/989/87b9a4e874914d96be3a592d6e1b17581525795592c971eead33c0ee.jpg,-0.0038279000000000004,-0.00765579,27.0,8,0.0,0.05,1.0,60,0,0.5,../../etc/Manually_Annotated_compressed/Manually_Annotated_Images/327/cb879a29d99a23fdae035a94311e72070e0d8b35807aba1ef31a84de.jpg,0.531746,0.0238095,45.0,8,0.5,0.35,6.0,50,0,1,../../etc/Manually_Annotated_compressed/Manually_Annotated_Images/166/3f54b8ad0c3964161c62a46d148b327cd0ce55f621c7a733a72203a3.jpg,0.9823850000000001,0.0241967,45.0,8,1.5,0.05,8.5,60,45,0.5,../../etc/Manually_Annotated_compressed/Manually_Annotated_Images/656/3ea0589081f4db99fbe9edf109596cd4f4a9097538eee9224881c767.jpg,0.358655,0.319765,36.0,14,0.7,0.35,4.5,80,45,1,../../etc/Manually_Annotated_compressed/Manually_Annotated_Images/1273/72f09a3861fffa3141bfb64071eefce8651d63cc2f3df7e227e38ccb.jpg,0.666667,0.6825399999999999,32.4,15,1.2,0.75,6.5,50,90,0.5,../../etc/Manually_Annotated_compressed/Manually_Annotated_Images/836/cbe14b2c7157089e6e5d792620e8b9e9587d86dada7cdd70e96a44f7.jpg,-0.039682499999999996,0.547619,25.2,15,0.1,0.7,7.5,0,90,1,../../etc/Manually_Annotated_compressed/Manually_Annotated_Images/649/281e91fc47c7c09f20dc429d9e715f7dbb781fae572660e0a2efd4ed.jpg,-0.0241967,0.9823850000000001,14.4,22,0.3,0.9,10.0,0,135,0.5,../../etc/Manually_Annotated_compressed/Manually_Annotated_Images/366/b8c2a4b13c891781e026751f5b2b8513d4fb5c07a4fb859a624207ed.jpg,-0.363464,0.321323,10.8,11,1.3,0.35,7.0,360,135,1,../../etc/Manually_Annotated_compressed/Manually_Annotated_Images/819/50757e05b4eb526a2473e3aafae3a8880991619c447f6f37ab7aa54b.jpg,-0.673559,0.673559,32.4,20,1.3,0.2,8.5,360,180,0.5,../../etc/Manually_Annotated_compressed/Manually_Annotated_Images/597/fd7cc63d8483c937713058bdc63e46dc2ea068bc0219eff7a5861f74.jpg,-0.547619,-0.00793651,16.2,19,1.5,0.35,3.5,210,180,1,../../etc/Manually_Annotated_compressed/Manually_Annotated_Images/968/3d7fe85f7fb851838f5849e936537f0d06f6b2bdbbc2b6440b8e5f5e.jpg,-0.9630270000000001,-0.043554,9.0,28,1.4,0.4,4.0,230,225,0.5,../../etc/Manually_Annotated_compressed/Manually_Annotated_Images/360/39977c5d4c5604a2627aa7dfa2ab6be91aa11735f4b253d7e92be8ae.jpg,-0.365079,-0.357143,21.6,21,0.5,0.55,1.5,220,225,1,../../etc/Manually_Annotated_compressed/Manually_Annotated_Images/649/c46e02ba2fd684b54d8162af93f8e48af19694ad35e3c50f80b90f56.jpg,-0.677507,-0.721061,18.0,18,1.2,0.05,1.5,230,270,0.5,../../etc/Manually_Annotated_compressed/Manually_Annotated_Images/510/c4751ccd8a16a6d4dd7a679a9bd7611933b58ba1cb5755916610104c.jpg,0.017284599999999997,-0.525019,27.0,8,0.0,0.9,1.0,230,270,1,../../etc/Manually_Annotated_compressed/Manually_Annotated_Images/381/557f3aa118ddbf2c1adc833939f897e22e8bff81bd6a355996aae85d.jpg,-0.00793651,-0.9920629999999999,25.2,8,0.0,1.0,0.5,230,315,0.5,../../etc/Manually_Annotated_compressed/Manually_Annotated_Images/747/d1b479feb4e73ac5070270e708a106922b5bda3c8b522cadc276ffee.JPG,0.382307,-0.333914,34.2,9,0.6,0.2,5.0,50,315,1,../../etc/Manually_Annotated_compressed/Manually_Annotated_Images/669/5712701cf30ae96ae18a88a141b6aa350d37fb857e0a2fd6e1c0e5e1.png,0.696864,-0.658149,25.2,8,1.8,0.05,3.0,180
0,True,"[16, 2, 12, 6, 13, 10, 7, 8, 3, 15, 1, 0, 14, 4, 5, 11, 9]",0,0,../../etc/Manually_Annotated_compressed/Manually_Annotated_Images/923/c41e319f0cd2fb46684ec135943cde96c65326c6aeded5090c880f2f.jpg,-0.00793651,0.00793651,27.0,15,0.5,0.3,3.5,200,0,0.5,../../etc/Manually_Annotated_compressed/Manually_Annotated_Images/294/d118a3ed17eb0d806df51490365df73d3d2a1ea9bc8270a0febeb097.jpg,0.523809,0.0,19.8,13,0.6,0.25,4.0,20,0,1,../../etc/Manually_Annotated_compressed/Manually_Annotated_Images/1021/0f427a0def00815d9e225b0c866f41cad8cf7a1b7aa317fcdee4083b.jpg,0.953349,0.0387147,28.8,14,1.4,0.25,8.5,320,45,0.5,../../etc/Manually_Annotated_compressed/Manually_Annotated_Images/34/0f9b4f010048725ee56898811b66aca74066363395e196a71800df66.jpg,0.375259,0.306246,34.2,14,0.9,0.6,5.0,340,45,1,../../etc/Manually_Annotated_compressed/Manually_Annotated_Images/869/15fca51bf850634fc05a810fec2481ce21109006b3463f08342fd339.jpg,0.697171,0.674519,34.2,14,1.4,0.6,5.0,30,90,0.5,../../etc/Manually_Annotated_compressed/Manually_Annotated_Images/986/2d8ba03db885e7ad653f59f6dc8cc12f52ca0722f8b373c5030996d1.jpg,-0.00783208,0.5325810000000001,18.0,14,1.4,0.65,6.5,20,90,1,../../etc/Manually_Annotated_compressed/Manually_Annotated_Images/624/73c8944cd4e7e5a8d318de2e1c55eb755a9f1dd9dc55957d34fde73b.jpg,-0.033875300000000004,0.9823850000000001,9.0,28,1.6,0.75,10.0,0,135,0.5,../../etc/Manually_Annotated_compressed/Manually_Annotated_Images/371/622cb88f37d5c43d779da06a2c25350fa200b6357007359ff2fe602c.jpg,-0.401665,0.30487800000000004,14.4,12,1.4,0.55,4.5,260,135,1,../../etc/Manually_Annotated_compressed/Manually_Annotated_Images/716/eb255bd85bc48379a1b0987c067164f9028b6efaea1a4c914fbb9c1d.jpg,-0.667828,0.672667,16.2,14,1.6,0.75,7.5,30,180,0.5,../../etc/Manually_Annotated_compressed/Manually_Annotated_Images/463/b7c658b5583a713118d53dd8a2ea907d04c6db6ab2a74ec0232ef57a.jpg,-0.457269,0.0236518,27.0,10,1.5,0.4,4.5,330,180,1,../../etc/Manually_Annotated_compressed/Manually_Annotated_Images/358/4c9d74953e488ad255f54fb13e11cb777944c159fc05d80a71ad4d70.jpg,-0.991425,-0.015311600000000002,30.6,9,1.4,0.3,4.0,50,225,0.5,../../etc/Manually_Annotated_compressed/Manually_Annotated_Images/982/0c3526b6e315ccf7118d5fac4c32c226d4222b92a8f4d439492ff24f.jpg,-0.325397,-0.388889,27.0,11,1.4,0.5,2.5,230,225,1,../../etc/Manually_Annotated_compressed/Manually_Annotated_Images/462/8c829264736b3a122e91f15115551d5053722c86c2890c584686d017.jpg,-0.667617,-0.663296,41.4,8,1.0,0.15,3.5,290,270,0.5,../../etc/Manually_Annotated_compressed/Manually_Annotated_Images/422/a96a758c6089bc48ac284506133a2c659eadb63a6448a2a3c6b71807.jpg,0.0,-0.482804,32.4,8,0.7,0.15,3.5,210,270,1,../../etc/Manually_Annotated_compressed/Manually_Annotated_Images/1024/8e571cf8e187dc7ec5df43aa58f3d31fbe6bdc49f081db75d81fa831.jpg,0.0370865,-0.971666,41.4,8,0.5,0.1,2.0,200,315,0.5,../../etc/Manually_Annotated_compressed/Manually_Annotated_Images/363/c56f5333fabc57342d725a9ca15325e09476150d04d4e414d257a880.jpg,0.396825,-0.314872,39.6,8,0.5,0.25,6.0,140,315,1,../../etc/Manually_Annotated_compressed/Manually_Annotated_Images/916/43e980a8a54c08a53658dd0c1c5cc5e46e6b9cc68044af152ec7f70f.jpg,0.677507,-0.672667,34.2,8,1.3,0.35,2.0,170
